,record,price,income,channel,age,gender,use,set
0,1,10,33,4,37,1,0,Train
1,2,20,21,3,55,1,0,Train
2,3,30,59,2,55,0,0,Test
3,4,20,76,1,44,1,0,Train
4,5,30,24,3,37,1,0,Train
5,6,20,22,2,32,0,0,Train
6,7,10,28,2,32,0,0,Train
7,8,10,49,2,38,0,0,Test
8,9,30,76,2,43,1,0,Train
9,10,20,59,2,55,0,0,Train
10,11,30,45,5,32,0,0,Train
11,12,30,21,4,46,1,0,Train
12,13,30,49,2,44,0,0,Train
13,14,10,23,4,30,0,0,Test
14,15,10,55,2,55,1,0,Test
15,16,20,29,3,32,0,0,Train
16,17,10,49,2,44,0,0,Train
17,18,20,45,5,32,0,0,Train
18,19,20,24,3,37,1,0,Train
19,20,10,30,3,32,0,0,Train
20,21,10,24,5,55,1,0,Train
21,22,10,59,2,55,0,0,Train
22,23,30,31,2,32,0,0,Train
23,24,20,33,4,32,0,0,Train
24,25,30,22,3,32,0,1,Train
25,26,30,29,3,32,0,0,Train
26,27,10,30,3,32,0,0,Train
27,28,20,28,3,32,0,0,Train
28,29,30,59,2,55,0,0,Train
29,30,30,56,2,43,1,0,Train
30,31,30,77,1,43,1,1,Train
31,32,20,97,2,18,1,1,Test
32,33,20,23,4,32,0,0,Train
33,34,30,25,4,37,0,0,Test
34,35,30,23,4,32,0,0,Train
35,36,30,88,1,43,1,0,Test
36,37,30,49,2,44,0,0,Test
37,38,30,76,1,44,1,0,Train
38,39,20,67,1,25,1,1,Train
39,40,10,55,2,55,0,0,Test
40,41,20,26,2,37,1,1,Train
41,42,20,49,2,44,0,0,Train
42,43,20,68,1,25,1,1,Train
43,44,30,45,2,32,0,0,Train
44,45,20,68,1,43,1,0,Train
45,46,20,32,5,35,0,0,Train
46,47,30,22,1,55,1,1,Test
47,48,30,55,2,55,0,0,Train
48,49,20,66,1,43,1,0,Train
49,50,20,29,3,32,0,0,Train
50,51,10,49,2,44,0,0,Train
51,52,10,28,2,32,0,1,Train
52,53,10,23,3,37,0,1,Train
53,54,20,45,3,32,0,0,Train
54,55,30,22,3,37,0,0,Train
55,56,10,66,2,25,1,1,Train
56,57,20,30,3,32,0,0,Train
57,58,20,43,5,27,0,1,Train
58,59,20,34,4,55,1,0,Test
59,60,30,32,2,32,0,0,Train
60,61,10,67,1,25,1,1,Train
61,62,20,25,5,27,0,1,Train
62,63,20,49,2,38,0,1,Train
63,64,30,33,4,55,1,0,Train
64,65,20,30,3,32,0,0,Train
65,66,10,34,1,37,1,0,Train
66,67,30,33,4,32,0,0,Train
67,68,10,32,5,27,0,1,Test
68,69,20,30,3,32,0,1,Test
69,70,20,66,1,25,1,1,Train
70,71,30,29,3,32,0,0,Test
71,72,10,25,3,37,1,0,Test
72,73,20,55,2,55,1,1,Train
73,74,30,22,3,32,0,1,Train
74,75,10,28,2,38,0,1,Test
75,76,20,22,4,44,1,0,Test
76,77,30,28,2,32,0,0,Train
77,78,10,45,3,32,0,0,Train
78,79,20,65,2,22,1,1,Train
79,80,10,78,1,21,1,0,Train
80,81,30,66,2,25,1,1,Train
81,82,20,99,2,25,1,1,Train
82,83,10,21,3,44,1,0,Train
83,84,20,23,3,37,0,1,Train
84,85,30,22,3,37,1,0,Train
85,86,30,88,2,43,1,1,Train
86,87,30,28,3,32,0,0,Train
87,88,30,49,2,55,1,0,Test
88,89,10,55,2,55,1,0,Test
89,90,20,29,4,32,0,0,Train
90,91,30,87,2,43,1,1,Train
91,92,30,66,1,25,1,1,Train
92,93,20,77,5,22,1,0,Train
93,94,10,26,2,37,1,1,Train
94,95,30,45,3,32,0,0,Test
95,96,20,43,1,22,1,0,Test
96,97,30,64,1,33,1,1,Train
97,98,20,45,3,32,0,0,Train
98,99,10,30,3,32,0,0,Train
99,100,30,56,1,43,1,0,Train
100,101,20,30,3,32,0,0,Test
101,102,30,30,3,32,0,0,Test
102,103,10,78,1,25,1,1,Train
103,104,20,77,1,43,1,1,Test
104,105,20,49,3,38,0,0,Train
105,106,30,32,5,35,0,0,Train
106,107,10,29,4,32,0,0,Test
107,108,20,89,1,22,1,0,Test
108,109,30,30,3,32,0,0,Train
109,110,30,55,2,55,1,1,Train
110,111,20,22,2,32,0,0,Train
111,112,20,32,2,32,0,0,Test
112,113,30,30,3,32,0,1,Train
113,114,30,49,2,44,0,0,Test
114,115,10,77,1,43,1,1,Train
115,116,20,59,2,55,0,1,Train
116,117,20,30,3,32,0,0,Test
117,118,30,22,5,27,0,1,Test
118,119,20,68,1,25,1,1,Train
119,120,10,59,2,55,0,1,Train
120,121,30,17,1,23,1,1,Train
121,122,20,22,2,32,0,0,Train
122,123,10,44,1,43,1,0,Train
123,124,20,76,1,21,1,1,Train
124,125,20,29,4,32,0,1,Test
125,126,10,59,2,55,0,0,Test
126,127,20,29,3,32,0,0,Train
127,128,30,23,4,30,0,0,Train
128,129,20,49,2,44,0,0,Train
129,130,20,33,4,32,0,0,Test
130,131,20,23,4,32,0,0,Test
131,132,10,64,1,33,1,1,Train
132,133,10,49,3,44,0,0,Train
133,134,30,57,1,25,1,1,Train
134,135,10,28,3,32,0,0,Train
135,136,10,22,3,32,0,1,Test
136,137,30,22,4,44,1,0,Test
137,138,20,33,5,23,0,0,Test
138,139,30,46,1,43,1,0,Train
139,140,30,22,2,32,0,0,Train
140,141,20,59,2,55,0,0,Test
141,142,10,22,5,32,0,0,Train
142,143,20,59,2,55,0,0,Train
143,144,10,33,1,24,1,1,Train
144,145,10,55,5,44,1,0,Train
145,146,30,49,2,38,0,0,Train
146,147,30,77,2,25,1,1,Train
147,148,20,22,3,37,1,0,Train
148,149,30,55,2,55,1,0,Train
149,150,30,22,1,25,1,1,Test
150,151,10,44,3,37,1,0,Train
151,152,30,21,2,37,1,0,Train
152,153,20,49,2,44,0,1,Train
153,154,20,55,2,55,1,0,Test
154,155,30,33,2,32,0,1,Test
155,156,10,30,3,32,0,0,Train
156,157,10,29,4,32,0,1,Train
157,158,30,49,2,38,0,0,Train
158,159,10,21,4,37,0,0,Test
159,160,10,55,1,25,1,1,Test
160,161,30,22,2,32,0,0,Test
161,162,20,28,2,32,0,0,Test
162,163,10,25,4,27,0,0,Train
163,164,20,98,1,43,1,0,Train
164,165,20,43,3,37,1,0,Test
165,166,30,49,3,38,0,0,Test
166,167,20,76,2,43,1,0,Test
167,168,10,30,3,32,0,0,Test
168,169,30,32,5,27,0,1,Test
169,170,10,59,2,55,0,0,Test
170,171,20,21,5,27,0,0,Test
171,172,30,55,5,44,1,0,Test
172,173,20,77,2,24,1,1,Test
173,174,30,34,1,37,1,0,Train
174,175,10,59,2,55,0,1,Train
175,176,10,65,1,25,1,1,Train
176,177,10,78,1,65,1,0,Train
177,178,20,19,6,46,1,0,Train
178,179,10,65,2,22,1,1,Train
179,180,20,59,2,55,0,1,Train
180,181,30,55,1,27,1,1,Test
181,182,20,29,4,32,0,0,Test
182,183,20,49,2,38,0,0,Train
183,184,20,23,3,38,1,0,Train
184,185,20,34,1,37,1,0,Train
185,186,30,30,3,32,0,0,Test
186,187,30,59,2,55,0,1,Train
187,188,10,22,1,25,1,1,Test
188,189,10,55,1,23,1,1,Test
189,190,30,29,4,32,0,0,Train
190,191,20,22,3,32,0,1,Train
191,192,20,33,5,27,0,1,Train
192,193,10,56,2,43,1,0,Train
193,194,10,49,3,44,0,0,Train
194,195,10,68,1,25,1,1,Train
195,196,10,22,2,32,0,0,Test
196,197,20,33,4,32,0,0,Test
197,198,20,22,5,27,0,0,Train
198,199,30,28,3,32,0,0,Train
199,200,20,45,2,32,0,0,Train
200,201,30,28,2,38,0,0,Test
201,202,30,24,5,27,0,0,Train
202,203,20,30,3,32,0,0,Train
203,204,20,29,3,32,0,0,Train
204,205,10,24,4,32,0,0,Test
205,206,10,28,3,32,0,0,Test
206,207,10,55,2,55,1,1,Train
207,208,20,20,5,47,1,0,Test
208,209,20,30,3,32,0,0,Test
209,210,30,28,2,32,0,1,Test
210,211,10,30,3,32,0,0,Train
211,212,20,22,2,37,1,0,Train
212,213,30,20,5,47,1,0,Test
213,214,30,45,2,32,0,0,Test
214,215,10,30,3,32,0,0,Train
215,216,20,22,5,27,0,1,Train
216,217,10,33,1,25,1,0,Train
217,218,10,30,3,32,0,0,Train
218,219,10,21,3,55,1,0,Test
219,220,10,45,3,32,0,0,Test
220,221,30,68,1,25,1,1,Train
221,222,10,30,5,32,0,0,Test
222,223,30,65,2,22,1,1,Train
223,224,30,49,2,44,0,1,Train
224,225,30,44,3,25,1,1,Test
225,226,20,28,2,32,0,0,Train
226,227,10,49,2,32,1,0,Test
227,228,10,66,1,43,1,0,Train
228,229,30,45,3,32,0,0,Train
229,230,10,65,2,25,1,1,Train
230,231,20,55,1,23,1,1,Train
231,232,30,78,1,21,1,0,Test
232,233,10,66,1,22,1,0,Test
233,234,20,25,4,37,0,0,Train
234,235,10,43,1,22,1,0,Train
235,236,10,66,1,43,1,1,Train
236,237,30,21,3,55,1,0,Train
237,238,20,23,5,27,0,0,Train
238,239,30,29,4,32,0,0,Test
239,240,20,56,2,43,1,0,Train
240,241,30,24,4,27,0,0,Test
241,242,10,55,1,44,1,0,Train
242,243,20,59,2,55,0,1,Train
243,244,10,34,5,25,0,0,Test
244,245,20,34,5,23,0,0,Train
245,246,20,66,2,25,1,1,Train
246,247,30,34,5,25,0,0,Train
247,248,20,32,2,32,0,0,Train
248,249,10,33,5,27,0,1,Train
249,250,10,88,2,23,1,0,Train
250,251,30,29,4,32,0,0,Train
251,252,30,22,5,27,0,0,Train
252,253,20,17,1,23,1,1,Train
253,254,10,54,2,25,1,1,Train
254,255,20,77,2,25,1,1,Train
255,256,10,59,2,55,0,0,Train
256,257,10,33,4,32,0,0,Train
257,258,20,32,2,37,1,1,Train
258,259,10,22,3,37,0,0,Train
259,260,20,55,1,37,1,0,Train
260,261,30,59,2,55,0,1,Test
261,262,10,29,3,32,0,0,Test
262,263,10,32,2,32,0,0,Train
263,264,20,28,2,38,0,0,Train
264,265,10,66,1,25,1,1,Train
265,266,10,45,5,32,0,0,Train
266,267,20,55,2,55,1,0,Test
267,268,10,19,6,46,1,0,Train
268,269,30,21,3,44,1,0,Test
269,270,20,49,2,44,0,0,Train
270,271,10,33,4,32,0,0,Train
271,272,20,30,3,32,0,1,Train
272,273,30,89,1,22,1,0,Train
273,274,30,30,3,32,0,0,Train
274,275,20,34,5,25,0,0,Test
275,276,30,55,2,55,1,0,Test
276,277,30,30,3,32,0,1,Test
277,278,20,55,5,44,1,0,Train
278,279,20,30,3,32,0,0,Test
279,280,30,59,2,55,0,1,Test
280,281,30,34,4,55,1,0,Test
281,282,10,33,5,23,0,0,Train
282,283,10,30,5,32,0,0,Train
283,284,10,45,2,32,0,0,Test
284,285,10,29,3,32,0,0,Test
285,286,30,78,3,43,1,0,Test
286,287,30,30,3,32,0,0,Train
287,288,30,22,3,37,1,0,Train
288,289,20,49,2,44,0,0,Test
289,290,20,49,2,38,0,1,Test
290,291,30,33,1,24,1,1,Train
291,292,20,57,1,25,1,1,Train
292,293,10,17,1,23,1,1,Train
293,294,10,55,2,55,1,0,Train
294,295,10,76,1,21,1,1,Train
295,296,10,29,4,32,0,0,Train
296,297,10,23,4,32,0,0,Train
297,298,20,33,4,55,1,0,Test
298,299,30,29,3,32,0,0,Train
299,300,20,29,3,32,0,0,Test
300,301,10,29,4,32,0,0,Test
301,302,20,28,2,32,0,1,Test
302,303,20,55,1,25,1,1,Train
303,304,10,22,3,32,0,1,Train
304,305,30,32,2,32,0,0,Train
305,306,20,78,3,43,1,0,Train
306,307,10,87,2,43,1,1,Train
307,308,10,49,2,44,0,1,Train
308,309,10,43,5,27,0,1,Train
309,310,30,26,2,37,1,1,Train
310,311,20,29,4,32,0,1,Test
311,312,20,30,3,32,0,0,Train
312,313,10,22,3,66,1,0,Train
313,314,30,66,1,25,1,1,Train
314,315,10,30,3,32,0,0,Train
315,316,10,88,1,43,1,0,Train
316,317,20,33,2,34,0,0,Train
317,318,10,99,2,25,1,1,Train
318,319,20,55,2,55,1,1,Train
319,320,10,34,1,33,1,1,Train
320,321,30,28,2,32,0,0,Test
321,322,10,29,4,32,0,1,Train
322,323,30,29,4,32,0,0,Test
323,324,30,49,2,38,0,0,Train
324,325,30,33,5,44,0,1,Train
325,326,10,33,4,32,0,0,Train
326,327,10,59,2,55,0,0,Train
327,328,20,55,1,44,1,0,Test
328,329,20,66,1,43,1,0,Train
329,330,10,67,3,25,1,1,Train
330,331,10,30,3,32,0,0,Train
331,332,30,21,4,37,0,0,Test
332,333,30,30,3,32,0,0,Test
333,334,20,22,3,37,1,1,Train
334,335,20,30,3,32,0,0,Test
335,336,30,45,3,32,0,0,Test
336,337,30,28,2,38,0,1,Train
337,338,20,65,2,25,1,1,Test
338,339,30,30,5,32,0,0,Train
339,340,10,76,1,44,1,0,Test
340,341,10,49,2,44,0,0,Train
341,342,30,34,1,33,1,1,Train
342,343,30,22,5,27,0,0,Test
343,344,10,33,5,44,0,1,Train
344,345,10,30,3,32,0,0,Test
345,346,30,55,1,44,1,0,Train
346,347,20,77,1,25,1,1,Train
347,348,10,21,5,27,0,0,Train
348,349,10,76,2,43,1,0,Train
349,350,20,22,3,45,1,0,Train
350,351,30,29,4,32,0,0,Train
351,352,20,21,2,37,1,0,Train
352,353,30,33,3,37,1,0,Test
353,354,20,43,5,24,0,0,Test
354,355,10,59,2,55,0,1,Train
355,356,10,55,1,37,1,0,Test
356,357,20,49,3,44,0,0,Train
357,358,30,88,2,23,1,0,Train
358,359,20,25,3,37,1,0,Test
359,360,30,55,1,37,1,0,Test
360,361,10,34,4,55,1,0,Test
361,362,20,28,2,32,0,0,Train
362,363,30,30,3,32,0,0,Train
363,364,30,28,3,32,0,0,Train
364,365,10,45,2,32,0,0,Train
365,366,10,59,2,55,0,0,Test
366,367,30,29,3,32,0,0,Train
367,368,20,24,4,32,0,0,Train
368,369,10,30,3,32,0,0,Train
369,370,10,77,2,25,1,1,Train
370,371,20,87,2,43,1,1,Train
371,372,10,23,3,38,1,0,Train
372,373,10,28,2,38,0,0,Train
373,374,30,98,1,43,1,0,Train
374,375,20,33,4,32,0,0,Test
375,376,10,59,2,55,0,1,Test
376,377,20,45,3,32,0,0,Test
377,378,20,67,3,25,1,1,Test
378,379,10,21,4,46,1,0,Train
379,380,20,22,3,32,0,1,Train
380,381,20,28,3,38,0,0,Train
381,382,10,21,4,37,1,0,Train
382,383,30,44,1,22,1,1,Train
383,384,10,33,5,27,0,1,Train
384,385,20,28,2,32,0,0,Train
385,386,30,29,3,32,0,0,Test
386,387,20,78,1,65,1,0,Train
387,388,20,24,4,27,0,0,Test
388,389,30,67,1,43,1,0,Test
389,390,30,97,2,18,1,1,Test
390,391,30,28,2,32,0,0,Test
391,392,10,30,3,32,0,1,Test
392,393,30,24,5,55,1,0,Train
393,394,20,33,3,37,1,0,Train
394,395,30,33,4,32,0,0,Test
395,396,20,33,1,24,1,1,Train
396,397,30,55,1,25,1,1,Train
397,398,10,33,2,34,0,0,Train
398,399,10,55,2,55,1,1,Train
399,400,10,24,3,37,1,0,Train
400,401,10,30,3,32,0,1,Test
401,402,10,22,3,37,1,1,Train
402,403,30,22,3,45,1,0,Train
403,404,30,30,5,32,0,0,Train
404,405,30,55,2,55,1,1,Train
405,406,30,66,1,25,1,1,Test
406,407,30,29,4,32,0,1,Train
407,408,10,22,1,55,1,1,Train
408,409,30,29,3,32,0,0,Train
409,410,10,30,3,32,0,0,Test
410,411,30,30,3,32,0,0,Train
411,412,30,33,5,23,0,0,Train
412,413,20,31,2,32,0,0,Test
413,414,30,55,2,55,1,0,Train
414,415,30,29,4,32,0,1,Train
415,416,10,32,5,35,0,0,Train
416,417,30,33,4,32,0,0,Train
417,418,30,30,3,32,0,0,Train
418,419,10,49,2,44,0,0,Train
419,420,30,23,3,38,1,0,Test
420,421,20,64,1,33,1,1,Train
421,422,20,78,2,43,1,1,Train
422,423,10,67,1,43,1,0,Train
423,424,30,78,1,65,1,0,Train
424,425,20,33,5,23,0,0,Train
425,426,30,49,2,44,0,1,Train
426,427,10,28,2,32,0,1,Train
427,428,20,28,3,32,0,0,Train
428,429,20,30,3,32,0,0,Train
429,430,20,30,3,32,0,1,Train
430,431,30,22,3,37,1,1,Train
431,432,10,49,2,44,0,1,Train
432,433,10,88,2,43,1,1,Train
433,434,10,32,2,32,0,0,Train
434,435,20,33,1,43,1,0,Train
435,436,20,56,1,26,1,1,Train
436,437,30,44,3,37,1,0,Train
437,438,20,32,5,27,0,1,Test
438,439,10,22,3,37,1,0,Test
439,440,20,33,5,27,0,1,Train
440,441,10,98,1,43,1,0,Train
441,442,20,21,4,37,0,0,Train
442,443,30,30,3,32,0,0,Test
443,444,30,31,2,32,0,0,Train
444,445,30,33,5,23,0,0,Test
445,446,30,30,3,32,0,0,Test
446,447,20,29,3,32,0,0,Train
447,448,30,29,4,32,0,0,Train
448,449,20,49,2,38,0,0,Test
449,450,30,59,2,55,0,1,Train
450,451,30,59,2,55,0,0,Test
451,452,30,43,5,27,0,1,Train
452,453,30,21,4,54,1,0,Train
453,454,10,22,4,44,1,0,Test
454,455,10,56,1,26,1,1,Train
455,456,30,30,3,32,0,0,Test
456,457,10,22,5,27,0,0,Test
457,458,10,68,1,25,1,1,Test
458,459,10,66,1,25,1,1,Test
459,460,30,77,1,25,1,1,Train
460,461,20,28,3,32,0,0,Train
461,462,30,49,2,44,0,0,Test
462,463,10,33,4,32,0,0,Train
463,464,30,33,1,25,1,0,Train
464,465,10,28,2,32,0,0,Test
465,466,20,22,5,27,0,0,Test
466,467,20,33,4,32,0,0,Test
467,468,20,30,3,32,0,1,Test
468,469,30,33,1,43,1,0,Test
469,470,10,33,1,43,1,0,Test
470,471,20,59,2,55,0,1,Train
471,472,10,34,5,23,0,0,Train
472,473,30,49,2,44,0,0,Test
473,474,10,77,5,22,1,0,Train
474,475,20,49,2,44,0,0,Train
475,476,10,56,1,43,1,0,Train
476,477,20,65,1,25,1,1,Train
477,478,10,23,5,27,0,0,Train
478,479,10,78,2,43,1,1,Test
479,480,30,55,2,55,1,0,Test
480,481,20,22,3,66,1,0,Train
481,482,10,59,2,55,0,1,Train
482,483,10,25,4,37,0,0,Train
483,484,10,59,2,55,0,1,Test
484,485,30,33,4,32,0,0,Train
485,486,10,45,3,32,0,0,Train
486,487,20,22,2,32,0,0,Train
487,488,20,28,2,32,0,1,Train
488,489,10,21,4,54,1,0,Train
489,490,10,44,1,22,1,1,Test
490,491,30,43,3,37,1,0,Train
491,492,20,45,2,32,0,0,Test
492,493,20,25,4,27,0,0,Train
493,494,20,49,2,44,0,0,Train
494,495,30,43,1,22,1,0,Train
495,496,10,33,4,55,1,0,Train
496,497,10,55,1,23,1,1,Train
497,498,10,22,2,32,0,0,Train
498,499,30,29,3,32,0,0,Train
499,500,10,30,3,32,0,1,Test
500,501,20,22,1,55,1,1,Train
501,502,20,33,5,44,0,1,Test
502,503,30,55,2,55,1,0,Train
503,504,10,29,3,32,0,0,Train
504,505,30,65,2,25,1,1,Train
505,506,30,99,2,25,1,1,Train
506,507,30,66,1,43,1,1,Test
507,508,10,22,2,32,0,0,Test
508,509,20,29,4,32,0,0,Test
509,510,30,67,3,25,1,1,Test
510,511,20,66,1,25,1,1,Train
511,512,20,22,5,27,0,0,Test
512,513,30,30,3,32,0,1,Train
513,514,30,22,2,32,0,0,Test
514,515,20,29,3,32,0,0,Train
515,516,10,49,2,38,0,0,Train
516,517,30,24,4,32,0,0,Test
517,518,20,21,4,54,1,0,Test
518,519,10,29,4,32,0,0,Train
519,520,30,23,5,27,0,0,Train
520,521,10,28,2,32,0,0,Train
521,522,30,49,3,44,0,0,Train
522,523,30,49,2,32,1,0,Train
523,524,20,29,3,32,0,1,Train
524,525,20,66,1,25,1,1,Train
525,526,30,33,2,34,0,0,Train
526,527,20,29,4,32,0,0,Train
527,528,10,46,1,43,1,0,Test
528,529,10,30,3,32,0,0,Test
529,530,30,65,1,25,1,1,Test
530,531,20,44,3,25,1,1,Test
531,532,10,59,2,55,0,1,Train
532,533,10,24,5,27,0,0,Test
533,534,10,22,5,27,0,1,Test
534,535,20,22,3,37,1,0,Test
535,536,10,77,1,25,1,1,Train
536,537,20,30,3,32,0,0,Test
537,538,10,33,4,32,0,0,Train
538,539,10,55,1,25,1,1,Train
539,540,30,56,1,26,1,1,Train
540,541,30,68,1,43,1,0,Train
541,542,20,55,2,55,1,0,Train
542,543,30,77,2,24,1,1,Train
543,544,30,49,3,44,0,0,Train
544,545,30,59,2,55,0,0,Train
545,546,10,29,3,32,0,0,Train
546,547,30,49,2,38,0,1,Train
547,548,20,49,3,44,0,0,Train
548,549,20,59,2,55,0,1,Train
549,550,30,49,2,44,0,0,Train
550,551,20,55,1,27,1,1,Train
551,552,30,19,6,46,1,0,Test
552,553,10,29,3,32,0,0,Test
553,554,10,29,3,32,0,0,Train
554,555,30,66,1,43,1,0,Train
555,556,20,55,2,55,1,0,Train
556,557,10,55,2,55,1,0,Train
557,558,10,28,2,32,0,0,Train
558,559,30,22,3,32,0,0,Train
559,560,20,59,2,55,0,0,Train
560,561,30,45,3,32,0,0,Train
561,562,10,49,2,38,0,0,Train
562,563,20,28,2,38,0,0,Test
563,564,10,33,2,32,0,1,Train
564,565,10,22,2,37,1,0,Train
565,566,30,33,5,27,0,1,Train
566,567,30,33,4,32,0,0,Test
567,568,10,28,2,38,0,0,Train
568,569,20,59,2,55,0,0,Test
569,570,30,33,4,37,1,0,Train
570,571,20,33,1,25,1,0,Train
571,572,10,55,2,55,1,0,Train
572,573,30,78,2,43,1,1,Test
573,574,20,67,1,43,1,0,Test
574,575,20,49,2,32,1,0,Test
575,576,10,30,3,32,0,1,Train
576,577,10,66,1,25,1,1,Train
577,578,10,49,2,38,0,1,Test
578,579,20,56,1,43,1,0,Train
579,580,20,78,1,25,1,1,Test
580,581,30,55,2,55,1,0,Train
581,582,30,22,2,37,1,0,Test
582,583,30,59,2,55,0,0,Train
583,584,20,55,2,55,0,0,Train
584,585,30,23,3,37,0,1,Test
585,586,10,49,3,44,0,0,Train
586,587,10,49,3,38,0,0,Train
587,588,10,43,5,24,0,0,Test
588,589,10,23,4,32,0,0,Train
589,590,20,49,3,44,0,0,Train
590,591,30,31,2,32,0,0,Train
591,592,30,33,5,27,0,1,Train
592,593,20,22,3,37,0,0,Test
593,594,30,77,5,22,1,0,Train
594,595,30,59,2,55,0,1,Train
595,596,20,22,5,32,0,0,Train
596,597,30,55,1,23,1,1,Train
597,598,30,30,3,32,0,0,Train
598,599,10,49,2,44,0,0,Train
599,600,20,22,3,32,0,0,Train
600,601,10,68,1,43,1,0,Train
601,602,10,49,2,55,1,0,Train
602,603,20,49,2,55,1,0,Train
603,604,20,29,3,32,0,0,Test
604,605,10,24,4,27,0,0,Test
605,606,20,36,4,37,1,0,Train
606,607,30,32,2,37,1,1,Train
607,608,10,57,1,25,1,1,Train
608,609,10,21,2,37,1,0,Train
609,610,20,59,2,55,0,1,Test
610,611,30,22,2,32,0,0,Test
611,612,10,31,2,32,0,0,Train
612,613,30,29,4,32,0,0,Train
613,614,20,55,1,25,1,1,Test
614,615,10,89,1,22,1,0,Train
615,616,30,22,3,66,1,0,Train
616,617,10,22,5,27,0,0,Train
617,618,30,34,5,23,0,0,Train
618,619,20,29,4,32,0,0,Test
619,620,20,34,1,33,1,1,Train
620,621,10,45,3,32,0,0,Test
621,622,10,20,5,47,1,0,Train
622,623,10,33,3,37,1,0,Test
623,624,20,30,3,32,0,0,Train
624,625,10,45,2,32,0,0,Test
625,626,30,28,3,38,0,0,Train
626,627,20,21,4,37,1,0,Test
627,628,30,76,1,21,1,1,Train
628,629,30,29,3,32,0,0,Train
629,630,30,49,2,38,0,1,Test
630,631,20,55,4,36,1,0,Train
631,632,10,55,1,27,1,1,Train
632,633,10,29,4,32,0,0,Train
633,634,20,24,5,27,0,0,Test
634,635,10,28,3,32,0,0,Test
635,636,30,22,5,27,0,0,Train
636,637,30,29,3,32,0,0,Train
637,638,10,97,2,18,1,1,Train
638,639,30,67,1,25,1,1,Test
639,640,30,55,2,55,1,0,Train
640,641,30,25,3,37,1,0,Train
641,642,10,22,3,37,1,0,Train
642,643,30,28,2,32,0,1,Train
643,644,20,33,2,32,0,1,Test
644,645,30,49,2,44,0,0,Test
645,646,20,22,1,25,1,1,Test
646,647,10,77,2,24,1,1,Test
647,648,10,29,4,32,0,0,Train
648,649,30,55,4,36,1,0,Train
649,650,10,32,2,37,1,1,Train
650,651,20,59,2,55,0,1,Train
651,652,20,29,3,32,0,0,Train
652,653,10,28,3,38,0,0,Train
653,654,20,88,2,43,1,1,Train
654,655,20,29,3,32,0,0,Train
655,656,20,23,4,30,0,0,Test
656,657,30,55,1,25,1,1,Test
657,658,20,88,1,43,1,0,Train
658,659,10,49,2,44,0,0,Train
659,660,30,54,2,25,1,1,Train
660,661,20,55,2,55,1,0,Train
661,662,30,28,2,32,0,0,Train
662,663,20,88,2,23,1,0,Train
663,664,20,44,3,37,1,0,Train
664,665,20,21,4,46,1,0,Train
665,666,10,49,2,38,0,1,Test
666,667,20,55,1,23,1,1,Train
667,668,10,29,3,32,0,0,Train
668,669,10,44,3,25,1,1,Train
669,670,20,31,2,32,0,0,Test
670,671,30,29,3,32,0,0,Test
671,672,30,33,5,24,0,0,Test
672,673,10,33,5,23,0,0,Train
673,674,10,31,2,32,0,0,Train
674,675,30,59,2,55,0,0,Test
675,676,10,22,5,27,0,0,Test
676,677,10,22,2,32,0,0,Train
677,678,20,55,2,55,1,0,Train
678,679,10,43,3,37,1,0,Train
679,680,30,22,5,32,0,0,Test
680,681,10,25,5,27,0,1,Test
681,682,20,31,2,32,0,0,Train
682,683,20,29,4,32,0,0,Train
683,684,20,44,1,43,1,0,Train
684,685,20,45,3,32,0,0,Train
685,686,10,29,3,32,0,0,Test
686,687,30,55,1,23,1,1,Train
687,688,20,30,5,32,0,0,Train
688,689,30,30,3,32,0,1,Train
689,690,10,49,2,44,0,0,Train
690,691,20,30,5,32,0,0,Train
691,692,30,25,4,27,0,0,Test
692,693,10,29,3,32,0,1,Test
693,694,20,33,5,24,0,0,Train
694,695,20,55,2,55,1,0,Train
695,696,30,44,1,43,1,0,Train
696,697,10,29,3,32,0,0,Train
697,698,10,36,4,37,1,0,Test
698,699,30,21,5,27,0,0,Test
699,700,20,66,1,43,1,1,Train
700,701,30,49,3,44,0,0,Train
701,702,30,36,4,37,1,0,Test
702,703,30,30,3,32,0,0,Train
703,704,20,88,1,23,1,1,Test
704,705,20,49,2,38,0,0,Train
705,706,30,45,2,32,0,0,Train
706,707,20,46,1,43,1,0,Train
707,708,20,21,3,44,1,0,Test
708,709,20,66,1,22,1,0,Test
709,710,30,23,4,32,0,0,Train
710,711,20,59,2,55,0,0,Test
711,712,10,22,3,45,1,0,Train
712,713,20,30,3,32,0,0,Test
713,714,10,33,5,24,0,0,Train
714,715,10,29,3,32,0,0,Test
715,716,30,29,3,32,0,1,Train
716,717,10,31,2,32,0,0,Train
717,718,10,78,3,43,1,0,Train
718,719,20,33,4,37,1,0,Train
719,720,20,78,1,21,1,0,Test
720,721,10,88,1,23,1,1,Test
721,722,20,59,2,55,0,0,Test
722,723,30,59,2,55,0,1,Train
723,724,30,43,5,24,0,0,Train
724,725,30,78,1,25,1,1,Test
725,726,30,88,1,23,1,1,Train
726,727,30,66,1,22,1,0,Train
727,728,20,54,2,25,1,1,Test
728,729,20,45,2,32,0,0,Train
729,730,20,49,2,44,0,1,Train
730,731,20,24,5,55,1,0,Train
731,732,10,66,1,43,1,0,Test
732,733,20,44,1,22,1,1,Train
733,734,10,55,2,55,1,0,Test
734,735,30,59,2,55,0,0,Test
735,736,20,30,3,32,0,0,Test
736,737,10,22,3,32,0,0,Train
737,738,20,49,2,44,0,0,Train
738,739,30,66,1,43,1,0,Test
739,740,30,68,1,25,1,1,Test
740,741,30,59,2,55,0,1,Train
741,742,20,28,2,38,0,1,Train
742,743,10,59,2,55,0,0,Test
743,744,20,29,4,32,0,0,Test
744,745,10,55,2,55,1,0,Train
745,746,30,25,5,27,0,1,Test
746,747,10,29,4,32,0,0,Test
747,748,10,55,4,36,1,0,Train
748,749,30,21,4,37,1,0,Train
749,750,30,28,2,38,0,0,Train
